{"cameraMode":{"drawMode":0,"name":"Shaded","section":"Shading Mode"},"sceneLighting":true,"audioPlay":false,"sceneViewState":{"m_AlwaysRefresh":false,"showFog":true,"showSkybox":true,"showFlares":true,"showImageEffects":true,"showParticleSystems":true,"showVisualEffectGraphs":true,"m_FxEnabled":true},"in2DMode":false,"pivot":{"x":-0.1987207680940628,"y":7.314174175262451,"z":-5.647510051727295},"rotation":{"x":-0.12391706556081772,"y":-0.007339240051805973,"z":-0.0009165465016849339,"w":0.9922654628753662},"size":3.9678995609283449,"orthographic":false}